[
   {
      "id": "8",
      "type_id": "5",
      "serial": "qcqqs",
      "pm": [
         {
            "freq_id": "3",
            "date": "2022/12/19",
            "com": ""
         },
         {
            "freq_id": "5",
            "date": "2022/12/19",
            "com": ""
         }
      ],
      "lochistory": [
         {
            "loc_id": "5",
            "date": "2022/12/19"
         }
      ]
   },
   {
      "id": "7",
      "type_id": "1",
      "serial": "sqcqs",
      "pm": [
         {
            "freq_id": "1",
            "date": "2022/06/15",
            "com": ""
         }
      ],
      "lochistory": [
         {
            "loc_id": "3",
            "date": "2022/12/21"
         },
         {
            "loc_id": "2",
            "date": "2022/12/18"
         },
         {
            "loc_id": "3",
            "date": "2021/12/17"
         }
      ]
   },
   {
      "id": "9",
      "type_id": "1",
      "serial": "sqq",
      "pm": [
         {
            "freq_id": "3",
            "date": "2020/12/19",
            "com": ""
         }
      ],
      "lochistory": [
         {
            "loc_id": "2",
            "date": "2022/12/20"
         },
         {
            "loc_id": "3",
            "date": "2022/12/19"
         }
      ]
   },
   {
      "id": "1",
      "type_id": "2",
      "serial": "xxxxx",
      "pm": [
         {
            "freq_id": "2",
            "date": "2022/09/03",
            "com": ""
         },
         {
            "freq_id": "1",
            "date": "2022/09/03",
            "com": ""
         },
         {
            "freq_id": "3",
            "date": "2022/09/03",
            "com": ""
         }
      ],
      "lochistory": [
         {
            "loc_id": "2",
            "date": "2021/01/01"
         }
      ]
   },
   {
      "id": "4",
      "type_id": "3",
      "serial": "hjhjb",
      "pm": [
         {
            "freq_id": "2",
            "date": "2022/12/17",
            "com": ""
         }
      ],
      "lochistory": [
         {
            "loc_id": "4",
            "date": "2022/12/17"
         }
      ]
   }
]