[
   {
      "loc_id": "5",
      "type_id": "4",
      "freqs": [
         "1",
         "3"
      ]
   },
   {
      "loc_id": "5",
      "type_id": "5",
      "freqs": [
         "3",
         "5"
      ]
   },
   {
      "loc_id": "5",
      "type_id": "2",
      "freqs": [
         "5"
      ]
   },
   {
      "loc_id": "3",
      "type_id": "1",
      "freqs": [
         "1",
         "2",
         "5"
      ]
   },
   {
      "loc_id": "3",
      "type_id": "2",
      "freqs": [
         "2",
         "4"
      ]
   },
   {
      "loc_id": "2",
      "type_id": "1",
      "freqs": [
         "1",
         "2",
         "3"
      ]
   },
   {
      "loc_id": "2",
      "type_id": "2",
      "freqs": [
         "2",
         "4"
      ]
   },
   {
      "loc_id": "4",
      "type_id": "3",
      "freqs": [
         "2",
         "3"
      ]
   },
   {
      "loc_id": "4",
      "type_id": "5",
      "freqs": [
         "2"
      ]
   }
]